item,sample,M1,M2,M3,M4,M5
0,0,1,1,1,1,1
0,1,1,1,1,1,0
0,2,1,1,1,1,1
0,3,1,1,1,1,1
0,4,1,0,1,1,1
0,5,1,1,1,1,1
0,6,1,1,1,1,1
0,7,1,1,1,1,1
0,8,0,1,1,1,1
0,9,1,1,1,0,1
1,0,0,1,1,1,1
1,1,1,1,1,1,1
1,2,1,1,1,1,1
1,3,1,1,1,1,1
1,4,1,1,1,1,1
1,5,1,1,1,1,0
1,6,1,1,1,1,1
1,7,1,1,1,1,1
1,8,0,1,1,1,1
1,9,1,1,1,1,1
2,0,0,1,0,0,1
2,1,1,1,1,1,0
2,2,1,1,1,0,0
2,3,1,1,1,0,0
2,4,1,1,0,1,0
2,5,1,1,1,1,1
2,6,1,1,1,1,1
2,7,0,1,0,0,0
2,8,1,0,1,0,0
2,9,1,1,0,1,0
3,0,1,0,1,1,1
3,1,0,1,1,1,1
3,2,1,1,0,0,0
3,3,0,1,1,0,0
3,4,1,1,0,1,0
3,5,1,1,0,0,0
3,6,1,0,1,0,1
3,7,1,1,1,1,1
3,8,1,1,1,1,1
3,9,1,0,0,1,1
4,0,1,1,1,1,1
4,1,1,0,1,1,1
4,2,0,1,1,1,1
4,3,1,1,1,1,1
4,4,1,1,1,1,0
4,5,1,1,1,1,1
4,6,1,1,1,1,0
4,7,1,1,1,1,0
4,8,1,1,1,1,1
4,9,1,1,1,1,1
5,0,0,1,1,1,0
5,1,0,1,1,1,0
5,2,1,1,0,0,0
5,3,0,1,0,0,1
5,4,0,1,1,0,1
5,5,1,0,1,0,0
5,6,1,1,0,1,0
5,7,1,1,0,1,0
5,8,1,1,1,0,1
5,9,1,1,0,1,0
6,0,1,1,0,0,0
6,1,1,1,1,1,0
6,2,1,1,1,1,1
6,3,0,1,1,1,1
6,4,1,1,1,0,1
6,5,0,1,1,1,1
6,6,1,1,1,1,1
6,7,1,1,1,0,1
6,8,0,1,0,1,1
6,9,1,1,1,1,1
7,0,0,0,1,0,0
7,1,1,0,0,0,1
7,2,0,0,0,0,1
7,3,1,1,0,1,0
7,4,0,1,0,0,1
7,5,0,0,0,0,0
7,6,0,1,0,0,0
7,7,1,1,0,0,1
7,8,0,1,0,0,0
7,9,0,1,1,0,0
8,0,0,0,0,1,0
8,1,0,1,0,0,0
8,2,1,0,0,1,0
8,3,0,0,0,1,0
8,4,0,1,0,0,0
8,5,1,0,0,0,0
8,6,0,0,1,1,1
8,7,0,1,0,0,0
8,8,0,1,0,1,1
8,9,1,1,0,1,0
9,0,0,1,0,0,0
9,1,0,0,0,1,0
9,2,1,1,1,1,1
9,3,0,1,0,0,0
9,4,0,1,1,0,1
9,5,0,0,0,0,0
9,6,0,0,1,1,0
9,7,0,0,0,0,1
9,8,1,0,0,0,1
9,9,0,1,1,1,0
10,0,1,0,0,1,0
10,1,1,1,1,1,1
10,2,1,0,0,0,0
10,3,0,0,0,0,0
10,4,1,0,0,1,0
10,5,1,0,0,0,0
10,6,0,1,1,0,0
10,7,1,0,0,0,0
10,8,1,1,0,0,0
10,9,1,1,1,1,1
11,0,1,0,0,0,0
11,1,0,0,0,1,0
11,2,0,1,1,0,0
11,3,0,1,1,1,1
11,4,0,0,0,0,0
11,5,0,1,1,0,1
11,6,0,1,0,1,0
11,7,0,1,0,1,0
11,8,0,1,1,0,1
11,9,0,1,0,1,1
12,0,1,1,1,1,1
12,1,1,1,1,1,1
12,2,1,1,1,1,1
12,3,1,1,1,1,1
12,4,1,1,1,1,1
12,5,1,1,1,1,1
12,6,1,1,1,1,1
12,7,1,1,1,1,1
12,8,1,1,1,1,1
12,9,1,1,1,1,1
13,0,1,1,1,1,1
13,1,1,1,1,1,1
13,2,0,1,1,1,1
13,3,1,1,1,1,1
13,4,1,1,1,1,1
13,5,1,0,1,1,1
13,6,1,1,1,1,1
13,7,1,1,1,1,1
13,8,1,1,1,1,1
13,9,1,1,1,1,1
14,0,1,0,1,1,1
14,1,0,1,0,1,1
14,2,0,1,0,1,0
14,3,0,0,0,0,1
14,4,0,0,0,1,0
14,5,1,1,1,0,1
14,6,0,0,0,0,0
14,7,1,0,0,0,0
14,8,1,0,1,1,0
14,9,1,1,0,1,1
15,0,1,1,0,1,0
15,1,1,1,0,0,0
15,2,1,0,0,1,1
15,3,1,1,0,1,0
15,4,1,1,1,1,0
15,5,1,0,0,1,0
15,6,1,0,1,0,1
15,7,1,0,1,0,0
15,8,0,0,1,1,1
15,9,0,0,1,1,0
16,0,1,1,0,1,0
16,1,1,0,1,1,1
16,2,0,1,1,0,1
16,3,1,0,0,1,1
16,4,0,0,1,1,0
16,5,1,0,0,1,1
16,6,1,1,1,0,0
16,7,1,1,0,1,0
16,8,1,1,1,1,0
16,9,1,1,1,1,1
17,0,0,0,0,0,1
17,1,0,1,1,0,1
17,2,0,1,0,0,1
17,3,0,0,1,1,1
17,4,0,1,0,0,1
17,5,0,1,1,0,0
17,6,1,0,1,0,0
17,7,0,0,1,1,1
17,8,1,1,1,0,0
17,9,1,0,0,0,1
18,0,1,0,0,0,0
18,1,0,1,0,1,1
18,2,1,1,1,1,0
18,3,0,1,1,1,1
18,4,0,1,1,1,0
18,5,1,1,0,0,1
18,6,1,1,1,1,0
18,7,1,0,0,1,1
18,8,0,1,1,1,0
18,9,1,1,0,1,1
19,0,1,0,1,1,1
19,1,1,1,0,0,0
19,2,1,1,1,1,1
19,3,1,1,1,1,0
19,4,1,0,1,1,1
19,5,1,1,1,1,1
19,6,1,0,1,1,0
19,7,1,1,1,1,0
19,8,1,0,1,0,1
19,9,1,0,1,1,0
20,0,1,1,1,1,1
20,1,1,1,1,1,1
20,2,1,1,1,1,1
20,3,1,1,1,1,1
20,4,1,1,1,1,1
20,5,1,1,1,1,1
20,6,1,1,1,1,1
20,7,1,0,1,1,1
20,8,1,1,1,1,1
20,9,1,1,1,1,1
21,0,0,0,0,0,0
21,1,0,0,0,0,0
21,2,1,1,0,0,1
21,3,0,0,0,1,0
21,4,1,0,0,0,0
21,5,1,0,0,0,0
21,6,0,0,0,0,0
21,7,1,0,0,1,1
21,8,1,0,0,1,0
21,9,0,0,1,1,0
22,0,1,1,0,1,1
22,1,1,1,1,1,1
22,2,1,1,0,1,1
22,3,1,1,1,1,0
22,4,1,0,1,0,1
22,5,1,1,1,1,0
22,6,0,1,0,1,1
22,7,1,1,1,1,1
22,8,0,1,1,1,1
22,9,1,1,1,1,1
23,0,1,0,1,1,0
23,1,1,0,1,1,1
23,2,1,1,1,0,0
23,3,0,1,1,1,0
23,4,1,1,0,1,1
23,5,1,1,1,0,1
23,6,1,0,0,1,0
23,7,0,1,1,1,1
23,8,1,1,0,1,0
23,9,1,1,1,1,1
24,0,1,1,0,1,1
24,1,1,0,1,0,1
24,2,1,1,1,1,0
24,3,1,1,1,1,1
24,4,0,0,0,1,1
24,5,1,1,1,0,1
24,6,1,1,0,1,1
24,7,1,1,1,0,1
24,8,0,1,1,1,0
24,9,0,1,1,0,0
25,0,1,1,1,1,1
25,1,1,1,1,1,1
25,2,1,1,1,1,1
25,3,1,1,1,1,1
25,4,1,1,1,1,1
25,5,1,1,1,1,1
25,6,1,1,0,1,1
25,7,1,1,1,1,1
25,8,1,1,1,1,1
25,9,1,0,1,1,1
26,0,1,0,1,1,0
26,1,1,1,1,1,1
26,2,0,1,0,1,1
26,3,1,0,0,1,1
26,4,1,0,0,0,1
26,5,1,0,1,1,0
26,6,1,1,1,1,0
26,7,1,1,1,1,0
26,8,0,1,1,1,0
26,9,1,0,1,0,1
27,0,1,1,1,0,0
27,1,1,1,1,1,1
27,2,0,0,0,1,0
27,3,1,1,1,1,0
27,4,1,1,1,1,0
27,5,1,1,0,1,1
27,6,1,1,0,1,0
27,7,0,1,1,0,1
27,8,1,1,0,1,1
27,9,1,1,1,1,0
28,0,1,1,0,1,0
28,1,1,1,0,1,0
28,2,0,1,1,1,1
28,3,1,1,1,0,1
28,4,0,1,0,1,0
28,5,1,1,1,1,1
28,6,1,1,1,1,1
28,7,1,1,1,0,1
28,8,1,0,1,0,0
28,9,1,1,1,1,1
29,0,1,1,1,1,0
29,1,1,1,0,0,0
29,2,0,0,1,0,0
29,3,1,0,0,0,0
29,4,0,1,0,1,1
29,5,0,1,0,0,1
29,6,1,1,1,0,0
29,7,1,1,1,1,1
29,8,0,0,1,0,0
29,9,0,1,1,0,1
30,0,1,0,1,1,1
30,1,0,0,1,1,0
30,2,1,1,0,1,0
30,3,1,1,1,1,1
30,4,1,0,0,0,1
30,5,1,0,0,0,1
30,6,1,0,0,1,1
30,7,0,1,0,0,0
30,8,1,1,1,0,0
30,9,0,0,1,1,0
31,0,1,0,1,1,1
31,1,1,1,1,0,1
31,2,1,1,1,1,1
31,3,1,1,1,1,1
31,4,1,1,1,0,1
31,5,1,1,1,1,0
31,6,1,1,0,1,0
31,7,1,1,1,1,1
31,8,1,1,1,1,1
31,9,1,1,0,0,1
32,0,1,1,0,1,1
32,1,1,1,1,1,1
32,2,1,1,0,0,0
32,3,1,1,0,1,1
32,4,0,1,0,1,1
32,5,0,1,0,1,1
32,6,0,1,1,0,0
32,7,1,1,1,1,1
32,8,0,1,1,1,1
32,9,1,1,0,1,1
33,0,1,0,1,1,1
33,1,1,0,1,0,1
33,2,1,1,1,1,1
33,3,1,1,1,1,1
33,4,1,1,1,1,1
33,5,1,1,1,1,1
33,6,1,1,1,1,0
33,7,1,1,1,1,1
33,8,1,1,1,1,1
33,9,1,1,1,1,1
34,0,1,1,1,0,1
34,1,1,1,1,1,1
34,2,1,1,1,1,1
34,3,1,1,1,1,1
34,4,1,1,1,1,1
34,5,1,1,1,1,1
34,6,1,1,1,1,1
34,7,1,1,1,1,1
34,8,1,1,1,1,1
34,9,1,1,1,0,0
35,0,0,0,0,0,0
35,1,0,0,0,0,0
35,2,0,0,0,0,0
35,3,0,0,0,0,0
35,4,0,0,0,0,0
35,5,0,0,0,0,0
35,6,0,1,0,0,0
35,7,0,1,0,0,0
35,8,0,0,0,0,0
35,9,0,0,0,1,0
36,0,0,0,0,0,0
36,1,0,0,0,0,0
36,2,0,0,0,0,0
36,3,0,0,0,0,0
36,4,0,0,0,0,0
36,5,0,0,0,0,0
36,6,0,1,0,0,0
36,7,0,0,0,0,0
36,8,0,0,0,1,1
36,9,0,0,0,0,0
37,0,0,1,1,1,1
37,1,0,1,1,1,1
37,2,1,1,0,0,1
37,3,1,1,0,1,1
37,4,0,1,0,0,0
37,5,1,1,1,1,0
37,6,0,0,1,1,1
37,7,1,1,1,0,0
37,8,0,1,1,0,0
37,9,1,0,1,1,0
38,0,1,1,0,1,1
38,1,1,0,1,1,1
38,2,1,1,0,1,1
38,3,1,1,1,1,1
38,4,1,1,1,1,1
38,5,0,1,1,1,1
38,6,1,1,1,1,1
38,7,1,1,1,1,0
38,8,1,1,1,1,0
38,9,1,1,1,1,1
39,0,1,1,1,1,1
39,1,1,1,1,1,1
39,2,1,1,0,1,0
39,3,0,1,1,0,1
39,4,1,0,1,1,1
39,5,1,1,1,1,1
39,6,0,1,1,1,1
39,7,1,0,1,1,0
39,8,1,1,0,1,1
39,9,1,1,1,1,1
40,0,0,0,0,0,0
40,1,0,0,0,1,0
40,2,1,0,0,0,0
40,3,0,0,0,0,0
40,4,0,0,0,0,0
40,5,0,0,0,0,0
40,6,0,0,0,0,0
40,7,1,0,0,0,0
40,8,0,0,0,0,0
40,9,0,0,0,0,0
41,0,0,0,0,0,1
41,1,0,0,1,1,1
41,2,1,0,0,0,1
41,3,1,0,0,0,0
41,4,1,1,0,0,0
41,5,0,0,1,0,0
41,6,1,0,1,1,0
41,7,0,1,1,0,1
41,8,0,1,1,1,0
41,9,1,0,0,0,0
42,0,1,1,0,1,0
42,1,1,1,0,0,1
42,2,0,0,0,0,0
42,3,1,1,1,0,1
42,4,0,0,0,0,0
42,5,1,0,0,0,0
42,6,1,0,1,1,0
42,7,1,1,0,0,0
42,8,0,0,1,1,1
42,9,0,1,0,0,0
43,0,1,1,0,0,0
43,1,1,1,1,0,0
43,2,1,1,1,1,0
43,3,1,1,1,0,1
43,4,0,1,0,1,0
43,5,0,1,0,0,0
43,6,1,0,0,0,0
43,7,1,1,1,0,0
43,8,1,0,0,1,1
43,9,1,0,0,0,1
44,0,1,1,1,1,0
44,1,0,1,1,0,1
44,2,1,0,0,1,0
44,3,1,0,1,1,0
44,4,1,0,1,1,0
44,5,1,1,0,1,1
44,6,0,1,1,1,1
44,7,0,1,0,0,1
44,8,1,0,1,1,1
44,9,1,1,0,0,0
45,0,1,0,1,0,0
45,1,1,0,0,1,0
45,2,1,1,1,0,0
45,3,1,1,1,0,0
45,4,1,0,1,0,0
45,5,1,0,0,1,1
45,6,1,1,0,1,1
45,7,1,1,1,0,0
45,8,1,1,1,1,0
45,9,1,0,0,1,1
46,0,1,1,1,1,1
46,1,1,1,1,1,1
46,2,1,0,1,0,1
46,3,1,1,0,1,1
46,4,0,1,1,1,1
46,5,1,0,1,0,1
46,6,1,1,0,0,1
46,7,1,1,1,1,1
46,8,1,1,0,0,0
46,9,1,1,1,1,1
47,0,0,0,1,0,0
47,1,1,0,1,0,0
47,2,1,0,0,0,1
47,3,1,1,0,0,0
47,4,1,0,1,1,0
47,5,0,0,1,1,0
47,6,1,0,1,1,0
47,7,0,0,1,1,0
47,8,1,1,0,1,0
47,9,0,1,0,1,1
48,0,0,0,0,0,0
48,1,0,0,0,1,0
48,2,0,0,0,0,0
48,3,0,0,0,0,0
48,4,0,0,0,1,1
48,5,0,0,0,0,0
48,6,0,1,0,0,0
48,7,0,0,0,0,0
48,8,0,0,0,0,0
48,9,0,0,0,0,0
49,0,1,0,0,0,0
49,1,0,0,0,0,0
49,2,1,0,0,0,0
49,3,0,0,0,0,0
49,4,1,1,1,0,0
49,5,0,0,1,0,0
49,6,0,1,0,0,0
49,7,0,0,0,0,0
49,8,0,0,1,0,0
49,9,1,0,0,0,1
50,0,1,1,1,1,1
50,1,1,1,1,1,1
50,2,1,1,1,1,1
50,3,1,1,1,1,1
50,4,1,1,1,1,1
50,5,1,1,1,1,1
50,6,1,1,1,1,0
50,7,1,1,1,1,1
50,8,1,1,1,1,1
50,9,1,1,1,1,1
51,0,0,0,0,0,1
51,1,0,0,0,0,0
51,2,0,0,0,1,0
51,3,0,0,0,1,0
51,4,0,1,0,1,1
51,5,0,1,0,1,0
51,6,0,0,0,0,0
51,7,1,0,0,0,0
51,8,1,0,0,0,0
51,9,1,0,0,0,0
52,0,0,1,0,1,0
52,1,1,1,1,1,0
52,2,1,1,1,1,0
52,3,1,1,0,1,0
52,4,1,1,0,1,1
52,5,1,0,1,1,0
52,6,0,0,1,0,0
52,7,1,1,0,1,0
52,8,1,1,0,1,0
52,9,0,1,0,1,0
53,0,1,1,1,1,1
53,1,1,1,1,1,0
53,2,1,1,0,1,0
53,3,1,1,1,1,1
53,4,1,1,1,1,0
53,5,1,1,1,1,1
53,6,1,0,1,0,1
53,7,1,1,1,1,1
53,8,0,0,1,1,1
53,9,1,1,0,0,1
54,0,1,1,1,1,1
54,1,1,1,1,0,1
54,2,1,1,1,1,1
54,3,0,1,1,1,1
54,4,1,0,1,1,1
54,5,1,1,1,0,1
54,6,1,1,1,1,1
54,7,1,1,1,1,0
54,8,1,1,1,1,1
54,9,1,1,1,0,1
55,0,0,1,1,1,1
55,1,1,1,1,1,1
55,2,1,1,1,1,0
55,3,1,1,1,1,1
55,4,1,1,1,1,1
55,5,1,1,1,1,1
55,6,1,1,1,1,1
55,7,1,1,1,1,1
55,8,1,1,1,1,1
55,9,1,1,1,1,1
56,0,1,1,1,1,0
56,1,1,1,1,1,1
56,2,1,1,1,1,1
56,3,1,0,1,1,1
56,4,1,1,1,1,1
56,5,1,1,1,1,1
56,6,1,1,1,1,1
56,7,1,1,1,1,0
56,8,1,1,1,1,1
56,9,1,1,1,1,1
57,0,1,1,1,1,1
57,1,1,1,1,1,1
57,2,1,1,1,1,1
57,3,1,1,1,1,1
57,4,1,1,1,1,1
57,5,1,1,1,1,1
57,6,1,1,1,1,1
57,7,1,1,1,1,1
57,8,1,1,1,1,1
57,9,1,1,1,1,1
58,0,1,1,1,1,1
58,1,1,1,1,1,1
58,2,1,1,0,1,0
58,3,1,1,1,1,1
58,4,1,1,1,1,1
58,5,1,1,1,1,1
58,6,1,1,1,1,1
58,7,1,1,1,1,1
58,8,1,1,1,1,1
58,9,1,1,0,1,1
59,0,1,1,1,1,1
59,1,1,1,1,0,1
59,2,1,1,1,1,1
59,3,1,1,1,1,0
59,4,1,1,0,0,1
59,5,1,1,1,1,1
59,6,1,1,1,1,1
59,7,1,1,1,1,1
59,8,1,1,1,0,1
59,9,1,1,1,1,1
60,0,0,0,1,1,0
60,1,1,0,0,1,0
60,2,1,0,1,1,0
60,3,1,1,1,1,0
60,4,0,0,0,1,1
60,5,1,1,1,1,1
60,6,1,1,1,1,1
60,7,0,1,1,1,0
60,8,0,1,0,0,0
60,9,1,1,0,0,0
61,0,1,1,1,1,1
61,1,1,1,1,1,1
61,2,1,1,1,1,1
61,3,1,1,1,1,1
61,4,1,1,1,1,1
61,5,1,1,1,1,1
61,6,1,1,1,1,1
61,7,1,1,1,1,1
61,8,1,1,1,1,1
61,9,1,1,1,1,1
62,0,0,0,1,1,1
62,1,0,0,0,0,0
62,2,1,1,0,1,0
62,3,1,1,0,1,0
62,4,0,1,1,0,0
62,5,1,0,1,0,0
62,6,1,0,0,1,0
62,7,0,1,0,1,0
62,8,0,1,0,0,0
62,9,0,0,0,0,0
63,0,1,1,1,1,0
63,1,0,1,1,1,1
63,2,0,1,1,1,1
63,3,1,1,1,1,1
63,4,1,1,1,1,1
63,5,1,1,1,1,1
63,6,1,1,1,1,0
63,7,1,1,1,1,1
63,8,1,0,1,1,1
63,9,1,0,0,1,0
64,0,0,0,1,1,0
64,1,1,0,0,0,0
64,2,0,0,0,0,0
64,3,0,0,1,0,0
64,4,1,0,0,1,0
64,5,1,1,0,0,0
64,6,0,0,0,0,0
64,7,1,1,1,0,0
64,8,0,0,1,1,0
64,9,0,0,1,0,1
65,0,1,1,0,0,0
65,1,0,0,0,0,0
65,2,1,0,0,1,0
65,3,0,0,1,0,0
65,4,0,0,0,0,1
65,5,0,1,1,0,0
65,6,0,0,1,0,0
65,7,1,0,0,1,0
65,8,1,0,0,0,1
65,9,1,1,0,0,1
66,0,1,1,1,1,1
66,1,1,1,1,1,1
66,2,0,1,0,1,0
66,3,1,1,1,0,1
66,4,1,0,1,1,1
66,5,1,0,1,1,1
66,6,1,1,1,1,1
66,7,1,0,1,1,1
66,8,1,1,1,1,1
66,9,1,1,1,1,1
67,0,0,1,1,1,1
67,1,1,0,1,1,1
67,2,0,0,1,0,0
67,3,0,0,0,1,1
67,4,1,1,1,0,0
67,5,0,0,0,1,1
67,6,0,0,1,1,0
67,7,1,1,0,0,1
67,8,1,1,1,0,0
67,9,1,1,0,0,0
68,0,0,0,0,1,0
68,1,1,1,0,0,0
68,2,1,0,0,0,0
68,3,1,1,1,0,1
68,4,0,1,0,0,0
68,5,0,0,0,1,0
68,6,0,0,1,0,0
68,7,0,1,1,1,1
68,8,0,1,1,0,0
68,9,1,1,0,1,0
69,0,1,1,1,1,1
69,1,1,1,0,1,1
69,2,1,1,1,1,0
69,3,1,0,1,1,1
69,4,1,1,1,1,1
69,5,1,1,1,1,0
69,6,1,1,0,1,1
69,7,1,1,1,1,1
69,8,1,1,1,1,1
69,9,1,1,1,1,1
70,0,1,1,0,1,1
70,1,1,1,1,1,1
70,2,1,1,1,1,1
70,3,0,1,1,0,1
70,4,0,0,1,1,0
70,5,1,1,1,1,0
70,6,1,0,1,1,0
70,7,1,0,0,1,1
70,8,1,1,1,1,1
70,9,0,1,1,1,1
71,0,1,0,1,0,1
71,1,1,1,1,1,1
71,2,1,1,0,0,0
71,3,1,1,1,1,0
71,4,1,1,1,0,0
71,5,1,0,1,1,0
71,6,1,1,1,1,1
71,7,1,1,0,0,0
71,8,0,1,0,1,0
71,9,1,1,0,0,1
72,0,0,1,1,1,1
72,1,1,1,1,1,1
72,2,1,1,1,1,1
72,3,1,1,1,1,1
72,4,1,1,1,1,1
72,5,1,1,1,1,1
72,6,1,1,1,1,1
72,7,1,0,1,1,1
72,8,1,1,1,1,1
72,9,1,1,1,1,1
73,0,1,1,1,1,1
73,1,1,0,0,1,1
73,2,0,0,1,1,0
73,3,1,1,1,1,1
73,4,1,1,1,1,0
73,5,1,1,1,1,1
73,6,0,1,1,1,1
73,7,1,0,1,1,1
73,8,1,1,1,1,0
73,9,1,1,1,1,1
74,0,1,0,1,1,1
74,1,1,1,1,0,0
74,2,1,1,1,1,1
74,3,1,1,0,0,1
74,4,1,1,1,1,1
74,5,1,1,0,1,1
74,6,1,1,0,0,1
74,7,1,0,1,0,1
74,8,1,0,1,1,0
74,9,1,0,0,0,1
75,0,0,0,0,0,0
75,1,0,1,0,0,0
75,2,1,0,1,1,0
75,3,1,1,1,0,0
75,4,0,1,0,1,0
75,5,1,0,0,0,0
75,6,1,0,0,1,0
75,7,0,0,0,0,0
75,8,1,0,0,1,1
75,9,0,0,0,0,0
76,0,1,1,1,1,1
76,1,1,1,1,1,1
76,2,1,1,1,1,1
76,3,1,0,1,1,1
76,4,1,1,1,1,1
76,5,1,0,1,1,1
76,6,1,1,1,1,1
76,7,1,0,1,1,1
76,8,1,1,1,1,1
76,9,1,1,0,0,1
77,0,1,1,1,1,1
77,1,1,1,0,1,1
77,2,1,1,1,1,0
77,3,1,1,1,1,1
77,4,1,1,1,1,1
77,5,1,1,1,1,1
77,6,1,1,1,1,1
77,7,1,1,1,1,1
77,8,1,1,1,1,1
77,9,1,1,1,1,1
78,0,1,1,1,1,1
78,1,1,1,1,1,0
78,2,1,1,1,0,1
78,3,1,1,1,1,1
78,4,1,1,1,1,1
78,5,1,1,1,1,1
78,6,1,1,1,1,1
78,7,0,1,1,1,1
78,8,1,1,1,0,1
78,9,1,1,1,1,1
79,0,1,0,1,0,0
79,1,0,1,0,0,0
79,2,0,1,1,0,0
79,3,1,1,0,1,0
79,4,0,1,0,1,0
79,5,1,0,1,0,0
79,6,1,1,0,0,0
79,7,0,0,0,1,0
79,8,1,1,0,1,0
79,9,0,0,0,0,0
80,0,0,0,1,1,0
80,1,1,0,0,1,1
80,2,0,1,1,0,1
80,3,1,1,0,1,0
80,4,0,1,0,0,1
80,5,1,1,0,1,0
80,6,0,0,0,1,1
80,7,1,1,1,1,1
80,8,1,1,1,1,1
80,9,1,1,1,1,1
81,0,0,0,0,0,0
81,1,1,0,0,0,0
81,2,1,0,0,0,0
81,3,0,1,0,0,0
81,4,0,0,0,0,0
81,5,0,0,1,0,0
81,6,0,0,1,0,0
81,7,0,1,1,0,0
81,8,0,1,0,0,0
81,9,0,0,0,0,0
82,0,1,0,1,1,0
82,1,1,0,1,0,0
82,2,0,1,0,0,1
82,3,0,1,0,0,1
82,4,1,0,1,0,0
82,5,1,0,0,0,0
82,6,0,0,1,1,0
82,7,1,1,0,1,0
82,8,1,1,1,0,1
82,9,1,1,1,0,1
83,0,1,1,1,1,1
83,1,1,1,0,1,1
83,2,0,1,1,1,1
83,3,1,0,1,1,0
83,4,1,0,1,1,1
83,5,0,0,1,1,0
83,6,1,0,1,0,0
83,7,1,1,1,1,0
83,8,1,1,1,1,0
83,9,1,0,0,1,1
84,0,0,0,0,0,0
84,1,0,0,0,0,0
84,2,0,0,0,0,0
84,3,0,0,0,0,0
84,4,0,0,0,0,0
84,5,0,0,0,0,0
84,6,1,1,0,1,0
84,7,0,0,0,0,0
84,8,0,0,0,1,0
84,9,0,0,0,0,0
85,0,0,0,0,0,0
85,1,0,0,0,0,0
85,2,0,0,0,0,0
85,3,1,0,0,0,0
85,4,0,0,0,0,0
85,5,0,0,0,0,0
85,6,0,1,0,0,1
85,7,1,0,0,1,1
85,8,1,1,0,0,0
85,9,0,0,0,0,0
86,0,1,0,1,0,0
86,1,0,0,0,0,0
86,2,0,0,0,0,0
86,3,0,0,0,1,0
86,4,1,0,1,0,1
86,5,0,1,0,0,0
86,6,0,0,1,0,0
86,7,0,0,0,0,0
86,8,1,0,0,0,0
86,9,0,1,0,0,0
87,0,0,1,0,0,1
87,1,0,0,0,0,0
87,2,0,0,0,1,1
87,3,1,0,0,0,0
87,4,0,1,0,0,0
87,5,1,0,0,0,0
87,6,0,0,1,0,1
87,7,0,1,0,0,0
87,8,0,1,0,0,0
87,9,0,0,0,0,0
88,0,1,1,1,1,1
88,1,1,1,1,1,1
88,2,1,1,0,1,1
88,3,1,1,1,1,1
88,4,1,1,1,1,1
88,5,1,1,1,1,0
88,6,1,1,1,1,1
88,7,1,1,1,1,1
88,8,1,1,0,1,1
88,9,1,1,1,1,0
89,0,0,0,0,0,0
89,1,1,1,0,0,1
89,2,0,1,0,0,0
89,3,0,1,0,0,0
89,4,1,0,0,0,0
89,5,0,1,1,1,0
89,6,0,1,0,0,0
89,7,1,0,0,1,0
89,8,1,1,0,1,0
89,9,0,0,0,0,0
90,0,1,1,1,1,1
90,1,1,1,1,1,1
90,2,1,1,1,1,0
90,3,1,1,1,1,1
90,4,1,1,1,1,1
90,5,1,1,1,1,0
90,6,1,1,1,1,0
90,7,1,1,1,1,1
90,8,1,1,1,1,1
90,9,1,0,1,1,1
91,0,1,1,0,1,1
91,1,0,1,1,0,0
91,2,1,1,0,1,1
91,3,1,1,1,1,1
91,4,1,0,1,1,0
91,5,1,1,0,1,0
91,6,1,1,0,0,1
91,7,1,1,1,0,1
91,8,1,0,1,1,0
91,9,1,1,0,1,1
92,0,1,0,1,1,1
92,1,1,1,1,1,1
92,2,1,1,1,1,0
92,3,1,1,1,1,1
92,4,1,1,0,1,1
92,5,1,0,1,0,1
92,6,1,1,1,0,1
92,7,1,1,0,1,1
92,8,0,1,1,1,0
92,9,0,1,1,1,1
93,0,1,0,0,0,0
93,1,0,1,1,0,0
93,2,1,0,1,0,0
93,3,0,0,1,0,0
93,4,1,1,1,0,0
93,5,0,1,1,0,1
93,6,0,1,1,0,0
93,7,0,0,1,0,1
93,8,0,1,0,1,0
93,9,1,1,0,0,0
94,0,1,1,1,1,1
94,1,1,1,1,1,0
94,2,1,1,0,0,0
94,3,1,1,0,0,1
94,4,1,1,0,1,0
94,5,1,1,1,1,0
94,6,1,1,1,1,1
94,7,0,0,0,1,0
94,8,0,1,0,1,1
94,9,0,1,1,1,1
95,0,1,1,1,1,1
95,1,1,0,1,1,0
95,2,1,1,1,0,0
95,3,1,1,1,1,1
95,4,0,1,1,1,1
95,5,1,1,1,1,1
95,6,0,1,1,0,1
95,7,1,0,0,0,1
95,8,1,1,0,1,1
95,9,1,1,1,0,1
96,0,1,0,1,1,0
96,1,1,0,0,1,0
96,2,0,1,1,1,1
96,3,0,1,0,1,1
96,4,1,1,1,1,0
96,5,1,0,0,0,0
96,6,1,1,0,1,0
96,7,1,1,1,0,0
96,8,1,0,1,1,1
96,9,1,1,1,1,0
97,0,1,0,0,1,0
97,1,0,1,1,1,0
97,2,1,1,1,1,1
97,3,1,0,1,1,0
97,4,1,1,1,1,1
97,5,1,1,1,1,0
97,6,1,0,1,1,1
97,7,1,1,1,1,1
97,8,1,0,1,1,0
97,9,1,1,1,1,1
98,0,0,1,0,1,0
98,1,1,1,0,0,1
98,2,1,1,1,0,1
98,3,0,0,1,1,1
98,4,1,1,0,1,0
98,5,1,1,1,0,1
98,6,1,1,1,1,1
98,7,1,1,1,0,1
98,8,1,1,1,1,0
98,9,1,0,1,1,0
99,0,1,1,1,1,1
99,1,1,1,1,1,1
99,2,1,1,1,1,1
99,3,1,1,1,1,1
99,4,1,1,1,1,1
99,5,1,1,1,1,0
99,6,1,1,1,1,1
99,7,1,1,1,1,1
99,8,1,1,1,1,1
99,9,1,1,1,1,1
