passage,item,M1,M2,M3,M4,M5
0,0,0,1,1,1,1
0,1,1,0,1,1,1
0,2,1,1,0,0,1
0,3,1,0,0,1,0
0,4,1,1,1,0,0
0,5,1,1,1,0,1
0,6,1,1,1,1,1
0,7,0,0,1,1,1
1,8,1,0,1,1,0
1,9,1,1,1,1,0
1,10,1,0,1,1,1
1,11,1,1,1,1,0
1,12,1,1,1,1,1
1,13,0,0,1,1,1
1,14,1,1,1,1,1
1,15,1,1,1,1,1
2,16,0,1,0,0,1
2,17,0,1,1,1,0
2,18,0,1,0,1,1
2,19,0,1,0,0,1
2,20,1,1,0,1,0
2,21,0,1,0,1,1
2,22,0,1,1,1,1
2,23,1,0,0,0,1
3,24,1,1,1,1,1
3,25,1,1,1,1,0
3,26,1,1,1,1,1
3,27,1,1,1,1,1
3,28,1,1,1,1,1
3,29,0,1,0,0,1
3,30,1,1,1,1,1
3,31,1,1,1,1,1
4,32,1,0,1,1,1
4,33,1,1,1,1,0
4,34,1,1,1,1,1
4,35,1,1,1,1,1
4,36,1,1,0,0,0
4,37,1,0,0,1,1
4,38,1,1,1,1,1
4,39,1,1,1,0,0
5,40,1,1,1,1,1
5,41,1,1,1,0,0
5,42,1,1,1,1,0
5,43,1,0,1,0,1
5,44,1,0,1,1,1
5,45,0,1,0,0,1
5,46,1,1,1,1,0
5,47,1,1,1,1,0
6,48,1,1,1,1,0
6,49,1,1,1,1,1
6,50,1,1,0,1,0
6,51,1,1,1,0,1
6,52,1,1,1,1,1
6,53,1,1,1,1,1
6,54,1,1,1,1,1
6,55,1,1,1,1,1
7,56,0,0,1,0,0
7,57,1,1,1,0,0
7,58,0,1,1,0,0
7,59,1,1,0,0,0
7,60,0,0,1,0,0
7,61,0,1,0,0,1
7,62,0,0,0,1,0
7,63,1,1,0,1,0
8,64,1,1,1,1,1
8,65,1,1,1,1,1
8,66,1,1,1,1,1
8,67,1,1,1,1,1
8,68,1,1,1,1,1
8,69,1,1,1,1,1
8,70,1,1,1,1,1
8,71,1,1,1,1,1
9,72,1,1,1,1,1
9,73,1,1,1,1,1
9,74,1,1,1,1,1
9,75,1,1,1,1,1
9,76,1,0,1,0,1
9,77,1,1,1,1,1
9,78,1,1,1,1,1
9,79,1,1,1,1,1
10,80,0,0,1,0,0
10,81,1,0,0,0,0
10,82,0,0,0,0,0
10,83,0,0,0,0,0
10,84,0,0,0,0,0
10,85,1,0,0,0,1
10,86,0,0,0,0,0
10,87,1,0,1,0,0
11,88,0,1,1,1,1
11,89,1,1,1,0,1
11,90,1,1,1,1,1
11,91,1,1,1,0,1
11,92,1,1,1,0,1
11,93,1,1,0,1,1
11,94,1,1,0,1,1
11,95,1,1,1,1,1
12,96,1,1,0,0,0
12,97,1,1,1,0,0
12,98,1,1,1,1,0
12,99,0,1,1,0,0
12,100,1,1,0,1,1
12,101,1,0,0,1,1
12,102,0,0,1,1,0
12,103,1,0,0,0,1
13,104,0,1,1,1,1
13,105,0,0,1,1,1
13,106,1,1,1,1,0
13,107,1,1,1,1,1
13,108,1,0,1,1,1
13,109,0,1,0,1,1
13,110,1,1,1,0,0
13,111,1,1,0,1,1
14,112,0,1,1,1,0
14,113,0,1,1,0,1
14,114,1,1,1,1,0
14,115,1,1,1,1,0
14,116,1,1,1,1,1
14,117,1,0,1,1,1
14,118,1,1,1,0,1
14,119,1,0,0,1,1
15,120,1,0,0,1,0
15,121,0,0,0,0,1
15,122,1,1,1,1,1
15,123,0,0,0,0,1
15,124,1,1,0,1,1
15,125,0,0,0,0,0
15,126,0,1,0,0,1
15,127,0,0,1,0,1
16,128,1,0,1,1,1
16,129,1,1,0,1,1
16,130,1,1,1,1,1
16,131,1,1,1,1,1
16,132,1,1,1,1,1
16,133,1,1,1,0,1
16,134,1,1,1,0,1
16,135,0,1,1,1,0
17,136,1,1,1,1,1
17,137,0,0,1,1,0
17,138,1,1,1,0,1
17,139,1,1,1,1,1
17,140,0,1,1,0,1
17,141,1,1,1,1,0
17,142,0,1,1,1,0
17,143,1,1,1,1,1
18,144,1,1,1,1,1
18,145,1,1,1,1,1
18,146,1,1,1,0,1
18,147,1,1,1,1,1
18,148,1,0,1,1,0
18,149,1,1,1,1,1
18,150,1,1,1,1,1
18,151,0,1,1,0,1
19,152,1,1,1,1,1
19,153,1,1,1,0,1
19,154,1,1,1,1,1
19,155,1,0,1,0,1
19,156,1,1,1,1,0
19,157,0,1,1,0,1
19,158,1,1,1,1,1
19,159,1,0,1,1,0
20,160,1,1,0,1,1
20,161,0,1,1,0,1
20,162,1,1,1,0,1
20,163,1,1,1,1,1
20,164,1,1,1,0,0
20,165,1,1,1,1,0
20,166,1,0,1,1,1
20,167,1,1,1,0,1
21,168,1,1,1,1,1
21,169,1,1,1,1,1
21,170,0,1,0,1,1
21,171,1,0,1,1,1
21,172,0,1,0,1,0
21,173,0,0,0,1,1
21,174,1,1,1,1,1
21,175,1,1,0,1,1
22,176,1,1,1,1,1
22,177,1,1,1,1,1
22,178,1,1,1,1,1
22,179,0,0,1,0,1
22,180,0,1,1,1,1
22,181,1,1,1,1,1
22,182,1,1,1,0,1
22,183,1,0,1,1,1
23,184,1,1,1,1,1
23,185,1,1,0,1,1
23,186,1,1,0,1,0
23,187,1,0,1,1,0
23,188,1,0,1,1,1
23,189,1,1,1,1,1
23,190,1,0,1,1,1
23,191,1,1,1,1,1
24,192,0,0,0,0,0
24,193,0,1,0,0,0
24,194,0,0,0,0,0
24,195,1,1,1,0,0
24,196,0,0,0,0,0
24,197,0,1,0,1,1
24,198,1,1,1,0,0
24,199,0,0,1,0,0
25,200,1,1,1,0,0
25,201,1,0,1,0,1
25,202,1,1,0,1,1
25,203,1,1,1,1,1
25,204,1,1,1,1,0
25,205,1,0,1,1,0
25,206,1,1,0,1,1
25,207,1,0,1,1,0
26,208,1,1,0,0,1
26,209,0,0,0,1,1
26,210,1,0,1,1,1
26,211,0,0,0,1,1
26,212,1,1,0,1,1
26,213,0,1,1,1,0
26,214,0,1,1,1,0
26,215,0,1,1,1,1
27,216,0,0,0,0,0
27,217,1,1,1,1,0
27,218,0,0,1,0,0
27,219,0,1,1,0,0
27,220,1,0,0,0,0
27,221,1,1,0,1,1
27,222,0,1,0,1,1
27,223,0,0,0,0,0
28,224,1,1,1,1,1
28,225,0,1,1,1,0
28,226,1,1,0,1,0
28,227,0,0,0,0,1
28,228,0,0,1,1,0
28,229,0,1,0,1,1
28,230,0,1,0,1,1
28,231,0,1,0,0,1
29,232,0,0,0,0,0
29,233,0,0,1,1,0
29,234,1,1,0,0,0
29,235,1,0,0,0,1
29,236,0,0,1,0,0
29,237,1,0,0,0,0
29,238,1,0,1,1,0
29,239,0,0,0,1,0
30,240,0,0,0,1,0
30,241,0,0,1,0,0
30,242,0,0,0,0,0
30,243,0,0,1,0,1
30,244,0,0,0,0,0
30,245,0,0,0,0,0
30,246,0,0,0,1,0
30,247,0,0,0,0,0
31,248,0,0,0,0,0
31,249,0,0,0,0,0
31,250,0,1,0,0,0
31,251,0,1,0,1,1
31,252,1,0,0,1,0
31,253,0,0,0,0,0
31,254,1,1,0,0,0
31,255,0,0,0,0,0
32,256,1,0,0,0,1
32,257,0,1,1,1,0
32,258,1,1,0,0,1
32,259,0,1,1,1,1
32,260,1,1,1,1,0
32,261,1,0,0,0,1
32,262,1,1,1,1,0
32,263,0,1,1,1,1
33,264,1,0,1,1,1
33,265,1,1,0,1,1
33,266,1,1,1,1,0
33,267,1,1,1,1,0
33,268,1,1,1,0,1
33,269,1,1,1,0,1
33,270,1,1,1,0,1
33,271,1,1,1,1,0
34,272,1,1,0,1,0
34,273,1,1,0,1,0
34,274,0,1,1,0,1
34,275,1,0,1,1,1
34,276,0,0,0,1,0
34,277,1,1,0,1,0
34,278,1,1,1,1,1
34,279,1,1,1,0,0
35,280,1,0,1,0,0
35,281,1,1,0,0,0
35,282,0,0,0,1,0
35,283,1,1,0,0,1
35,284,0,0,0,1,0
35,285,0,1,0,1,1
35,286,0,0,1,1,1
35,287,1,1,0,0,0
36,288,1,1,1,1,1
36,289,1,1,1,1,1
36,290,1,1,1,1,1
36,291,1,0,1,1,1
36,292,1,1,1,0,1
36,293,1,1,1,1,1
36,294,1,1,1,1,0
36,295,1,1,0,1,1
37,296,0,0,0,0,0
37,297,1,1,0,0,1
37,298,0,0,0,0,0
37,299,0,0,1,0,0
37,300,0,0,1,0,0
37,301,1,0,0,1,1
37,302,0,1,0,1,0
37,303,0,1,1,1,0
38,304,1,1,1,1,0
38,305,0,1,1,1,0
38,306,0,0,1,0,0
38,307,0,1,1,1,1
38,308,1,0,0,0,0
38,309,1,0,1,0,0
38,310,1,0,1,0,0
38,311,1,0,0,1,1
39,312,1,1,1,0,0
39,313,1,1,1,1,1
39,314,1,1,1,1,1
39,315,1,1,1,1,1
39,316,1,1,1,1,1
39,317,1,1,1,1,1
39,318,1,1,1,1,1
39,319,1,1,1,1,1
