model,item,judge,human,truth
M1,0,1,,1
M1,1,1,,1
M1,2,1,1,1
M1,3,0,,0
M1,4,1,,1
M1,5,0,,0
M1,6,0,,0
M1,7,1,,1
M1,8,0,,0
M1,9,1,,1
M1,10,0,,0
M1,11,1,1,1
M1,12,0,0,0
M1,13,1,,1
M1,14,1,,1
M1,15,0,,0
M1,16,0,0,0
M1,17,0,0,0
M1,18,1,,1
M1,19,0,,0
M1,20,1,,1
M1,21,1,1,1
M1,22,1,1,1
M1,23,1,,1
M1,24,1,1,1
M1,25,1,,1
M1,26,0,0,0
M1,27,0,,0
M1,28,0,,0
M1,29,1,,1
M1,30,1,1,1
M1,31,1,,1
M1,32,0,,0
M1,33,1,,1
M1,34,1,,1
M1,35,0,,0
M1,36,0,,0
M1,37,1,,0
M1,38,1,1,1
M1,39,0,,1
M1,40,1,,1
M1,41,1,1,1
M1,42,0,,0
M1,43,0,,0
M1,44,1,1,1
M1,45,0,,0
M1,46,0,,0
M1,47,0,,0
M1,48,1,,1
M1,49,1,,1
M1,50,1,,1
M1,51,1,,1
M1,52,1,,1
M1,53,1,,1
M1,54,1,1,1
M1,55,1,,1
M1,56,1,1,1
M1,57,1,,1
M1,58,0,,0
M1,59,1,,0
M1,60,0,0,0
M1,61,1,,1
M1,62,1,,1
M1,63,1,,1
M1,64,0,,0
M1,65,1,1,1
M1,66,0,0,0
M1,67,0,,0
M1,68,1,,1
M1,69,0,0,0
M1,70,0,,0
M1,71,1,,1
M1,72,0,,0
M1,73,1,0,0
M1,74,1,,1
M1,75,1,,1
M1,76,1,1,1
M1,77,0,,0
M1,78,1,,1
M1,79,0,,0
M1,80,0,,0
M1,81,1,,1
M1,82,1,,0
M1,83,1,,1
M1,84,0,,0
M1,85,1,1,1
M1,86,0,,0
M1,87,0,,0
M1,88,1,,1
M1,89,0,,0
M1,90,0,,0
M1,91,1,,1
M1,92,0,,0
M1,93,1,,1
M1,94,1,,1
M1,95,0,,0
M1,96,1,,1
M1,97,1,,1
M1,98,1,,1
M1,99,0,,0
M1,100,1,,1
M1,101,1,,1
M1,102,0,,0
M1,103,1,,1
M1,104,1,,1
M1,105,0,,0
M1,106,1,,1
M1,107,0,,0
M1,108,1,,1
M1,109,1,,1
M1,110,1,,1
M1,111,0,,0
M1,112,0,,0
M1,113,1,,1
M1,114,0,0,0
M1,115,1,,1
M1,116,1,,0
M1,117,1,1,1
M1,118,0,0,0
M1,119,0,0,0
M1,120,1,1,1
M1,121,1,,1
M1,122,1,,1
M1,123,0,,0
M1,124,1,1,1
M1,125,1,,0
M1,126,1,,1
M1,127,1,,1
M1,128,1,,1
M1,129,1,,1
M1,130,0,,1
M1,131,1,0,0
M1,132,1,,1
M1,133,0,,1
M1,134,1,,0
M1,135,1,,1
M1,136,1,1,1
M1,137,0,,0
M1,138,1,1,1
M1,139,1,,0
M1,140,1,,1
M1,141,1,,1
M1,142,1,1,1
M1,143,1,1,1
M1,144,1,,1
M1,145,0,,0
M1,146,0,0,0
M1,147,1,0,0
M1,148,1,1,1
M1,149,1,1,1
M1,150,0,0,0
M1,151,0,,0
M1,152,1,,1
M1,153,1,,1
M1,154,1,,1
M1,155,0,0,0
M1,156,0,,0
M1,157,1,,1
M1,158,0,0,0
M1,159,0,,0
M1,160,1,,1
M1,161,1,1,1
M1,162,1,,1
M1,163,0,,0
M1,164,1,,1
M1,165,1,0,0
M1,166,0,,0
M1,167,1,,1
M1,168,1,,1
M1,169,0,,0
M1,170,1,,1
M1,171,1,,1
M1,172,0,,0
M1,173,0,,0
M1,174,1,,1
M1,175,1,,1
M1,176,1,,1
M1,177,0,,0
M1,178,0,,0
M1,179,0,,0
M1,180,0,,0
M1,181,0,,0
M1,182,1,1,1
M1,183,1,,1
M1,184,1,,1
M1,185,0,,1
M1,186,1,,0
M1,187,1,,1
M1,188,1,,1
M1,189,0,,0
M1,190,1,1,1
M1,191,1,,1
M1,192,1,,1
M1,193,1,,1
M1,194,1,,1
M1,195,1,,1
M1,196,1,,1
M1,197,1,,1
M1,198,1,1,1
M1,199,0,,0
M1,200,1,1,1
M1,201,0,0,0
M1,202,1,1,1
M1,203,1,,1
M1,204,1,,1
M1,205,0,,0
M1,206,1,,1
M1,207,0,,0
M1,208,0,0,0
M1,209,0,,0
M1,210,1,,1
M1,211,1,,1
M1,212,1,1,1
M1,213,1,1,1
M1,214,0,,0
M1,215,1,,1
M1,216,1,,1
M1,217,1,1,1
M1,218,1,1,1
M1,219,1,,1
M1,220,1,,1
M1,221,1,,1
M1,222,0,,0
M1,223,1,,1
M1,224,1,1,1
M1,225,1,,1
M1,226,1,,1
M1,227,0,,0
M1,228,0,,0
M1,229,0,,0
M1,230,1,,1
M1,231,1,,1
M1,232,1,,0
M1,233,0,,0
M1,234,1,,1
M1,235,1,1,1
M1,236,1,,1
M1,237,0,,0
M1,238,1,,1
M1,239,1,,1
M1,240,1,,1
M1,241,1,,1
M1,242,1,,1
M1,243,0,,0
M1,244,1,1,1
M1,245,0,,0
M1,246,0,,0
M1,247,1,,1
M1,248,0,,0
M1,249,1,,1
M1,250,0,0,0
M1,251,0,0,0
M1,252,0,,0
M1,253,1,,1
M1,254,1,,1
M1,255,1,1,1
M1,256,0,,0
M1,257,1,1,1
M1,258,1,,1
M1,259,0,,0
M1,260,1,,0
M1,261,1,,1
M1,262,0,,0
M1,263,1,,1
M1,264,0,,0
M1,265,1,,1
M1,266,0,,0
M1,267,1,1,1
M1,268,1,,1
M1,269,1,,1
M1,270,1,,1
M1,271,0,,0
M1,272,1,,1
M1,273,1,1,1
M1,274,0,,0
M1,275,1,1,1
M1,276,1,,1
M1,277,1,,1
M1,278,1,,1
M1,279,0,,0
M1,280,1,,1
M1,281,1,,1
M1,282,1,,1
M1,283,1,,1
M1,284,1,,1
M1,285,1,,1
M1,286,1,1,1
M1,287,0,,0
M1,288,0,,0
M1,289,1,1,1
M1,290,1,,1
M1,291,1,1,1
M1,292,1,,1
M1,293,0,,0
M1,294,1,,1
M1,295,0,,1
M1,296,0,,0
M1,297,1,,1
M1,298,1,,1
M1,299,1,,1
M1,300,1,1,1
M1,301,1,1,1
M1,302,1,1,1
M1,303,0,1,1
M1,304,1,,1
M1,305,1,,1
M1,306,1,,1
M1,307,1,1,1
M1,308,1,,0
M1,309,0,,0
M1,310,1,,1
M1,311,1,1,1
M1,312,1,,1
M1,313,1,,1
M1,314,0,0,0
M1,315,0,0,0
M1,316,1,,1
M1,317,0,,0
M1,318,0,0,0
M1,319,1,,1
M1,320,0,,0
M1,321,1,,1
M1,322,1,1,1
M1,323,1,,1
M1,324,1,1,1
M1,325,1,,1
M1,326,1,1,1
M1,327,1,,1
M1,328,0,,0
M1,329,1,,0
M1,330,1,,1
M1,331,1,1,1
M1,332,1,,1
M1,333,1,,1
M1,334,1,1,1
M1,335,0,,0
M1,336,0,,0
M1,337,1,,1
M1,338,1,,1
M1,339,1,,1
M1,340,0,,0
M1,341,0,,1
M1,342,1,1,1
M1,343,1,,1
M1,344,1,,0
M1,345,0,,0
M1,346,0,,0
M1,347,0,,0
M1,348,1,,1
M1,349,1,1,1
M1,350,0,,1
M1,351,0,,0
M1,352,0,,0
M1,353,1,1,1
M1,354,1,,1
M1,355,0,,0
M1,356,0,,0
M1,357,1,,1
M1,358,1,,1
M1,359,1,1,1
M1,360,0,,0
M1,361,1,1,1
M1,362,1,1,1
M1,363,1,1,1
M1,364,1,1,1
M1,365,1,1,1
M1,366,1,,1
M1,367,0,,0
M1,368,1,,1
M1,369,1,,1
M1,370,1,1,1
M1,371,1,1,1
M1,372,0,0,0
M1,373,1,,1
M1,374,0,0,0
M1,375,0,0,0
M1,376,1,,1
M1,377,1,,1
M1,378,0,,0
M1,379,1,,1
M1,380,1,1,1
M1,381,1,,1
M1,382,0,,0
M1,383,1,,0
M1,384,0,0,0
M1,385,1,,0
M1,386,0,,0
M1,387,0,0,0
M1,388,0,,0
M1,389,1,1,1
M1,390,0,,0
M1,391,1,,1
M1,392,1,1,1
M1,393,1,,1
M1,394,1,,1
M1,395,1,0,0
M1,396,1,,1
M1,397,1,,1
M1,398,0,,0
M1,399,0,,0
M2,0,1,1,1
M2,1,1,,1
M2,2,0,,0
M2,3,1,,1
M2,4,1,1,1
M2,5,1,,1
M2,6,1,0,0
M2,7,0,,0
M2,8,0,0,0
M2,9,1,1,1
M2,10,1,1,1
M2,11,1,,1
M2,12,0,,0
M2,13,0,0,0
M2,14,1,,1
M2,15,1,1,1
M2,16,1,,1
M2,17,1,,1
M2,18,1,,1
M2,19,1,1,1
M2,20,1,,1
M2,21,1,,1
M2,22,0,,0
M2,23,1,,1
M2,24,1,,0
M2,25,0,0,0
M2,26,1,,1
M2,27,1,1,1
M2,28,1,,0
M2,29,1,,1
M2,30,0,0,0
M2,31,0,,0
M2,32,1,,1
M2,33,1,,1
M2,34,0,,0
M2,35,1,,1
M2,36,1,,1
M2,37,1,,1
M2,38,1,,1
M2,39,1,,1
M2,40,0,,0
M2,41,1,1,1
M2,42,1,,1
M2,43,1,,1
M2,44,1,,1
M2,45,1,,1
M2,46,1,,1
M2,47,1,,1
M2,48,1,,1
M2,49,1,,1
M2,50,1,,1
M2,51,1,,1
M2,52,1,1,1
M2,53,0,,0
M2,54,0,0,0
M2,55,1,,1
M2,56,1,,1
M2,57,1,1,1
M2,58,0,,0
M2,59,0,,0
M2,60,0,0,0
M2,61,1,,1
M2,62,1,,1
M2,63,0,0,0
M2,64,1,,1
M2,65,1,,1
M2,66,0,,0
M2,67,1,,1
M2,68,1,1,1
M2,69,1,,1
M2,70,0,,0
M2,71,1,1,1
M2,72,0,,0
M2,73,1,,1
M2,74,1,,1
M2,75,1,1,1
M2,76,1,,1
M2,77,0,,0
M2,78,0,,0
M2,79,1,,0
M2,80,1,,1
M2,81,0,,0
M2,82,1,,1
M2,83,0,,1
M2,84,1,1,1
M2,85,0,0,0
M2,86,0,,0
M2,87,1,,1
M2,88,0,0,0
M2,89,1,1,1
M2,90,1,,1
M2,91,1,,1
M2,92,1,,1
M2,93,1,,1
M2,94,1,,1
M2,95,0,,0
M2,96,1,,1
M2,97,1,,1
M2,98,0,0,0
M2,99,1,1,1
M2,100,0,0,0
M2,101,1,,1
M2,102,1,,1
M2,103,0,0,0
M2,104,0,,0
M2,105,0,,1
M2,106,1,,1
M2,107,0,,0
M2,108,0,0,0
M2,109,0,,0
M2,110,0,0,0
M2,111,0,,0
M2,112,0,,0
M2,113,1,,1
M2,114,1,,1
M2,115,0,,1
M2,116,0,,1
M2,117,1,,0
M2,118,1,,1
M2,119,1,,0
M2,120,1,1,1
M2,121,1,1,1
M2,122,1,1,1
M2,123,0,0,0
M2,124,0,0,0
M2,125,0,,0
M2,126,1,,1
M2,127,1,0,0
M2,128,0,,0
M2,129,0,,0
M2,130,0,,0
M2,131,1,,1
M2,132,1,1,1
M2,133,0,,0
M2,134,0,,0
M2,135,0,0,0
M2,136,1,1,1
M2,137,0,,0
M2,138,0,,0
M2,139,0,,1
M2,140,1,1,1
M2,141,0,,0
M2,142,1,,1
M2,143,0,0,0
M2,144,1,,1
M2,145,0,,0
M2,146,1,,0
M2,147,1,1,1
M2,148,1,,1
M2,149,1,,1
M2,150,1,1,1
M2,151,1,,1
M2,152,1,,1
M2,153,1,,1
M2,154,1,,1
M2,155,1,,1
M2,156,1,,1
M2,157,1,,1
M2,158,0,,0
M2,159,1,,1
M2,160,1,,1
M2,161,1,,1
M2,162,1,,1
M2,163,0,,0
M2,164,1,,1
M2,165,1,,1
M2,166,1,,1
M2,167,0,0,0
M2,168,1,,1
M2,169,1,1,1
M2,170,0,,1
M2,171,1,,1
M2,172,1,,1
M2,173,0,,0
M2,174,0,,0
M2,175,1,1,1
M2,176,1,1,1
M2,177,0,,0
M2,178,1,,1
M2,179,1,1,1
M2,180,0,,0
M2,181,1,1,1
M2,182,1,,1
M2,183,1,,1
M2,184,1,,1
M2,185,1,1,1
M2,186,1,1,1
M2,187,1,,1
M2,188,1,,1
M2,189,1,,1
M2,190,1,,1
M2,191,0,,0
M2,192,0,,0
M2,193,0,,0
M2,194,0,,0
M2,195,1,,1
M2,196,0,,0
M2,197,1,,1
M2,198,0,,0
M2,199,1,,1
M2,200,1,,1
M2,201,1,,1
M2,202,0,,0
M2,203,0,,0
M2,204,0,,1
M2,205,0,,0
M2,206,0,0,0
M2,207,0,,0
M2,208,0,,0
M2,209,1,,1
M2,210,0,,0
M2,211,0,,0
M2,212,1,,1
M2,213,1,,1
M2,214,1,,1
M2,215,1,,1
M2,216,1,,1
M2,217,1,,1
M2,218,0,,0
M2,219,1,,1
M2,220,1,,1
M2,221,1,,1
M2,222,0,,0
M2,223,0,,0
M2,224,0,0,0
M2,225,1,,1
M2,226,0,,0
M2,227,0,,0
M2,228,1,,1
M2,229,1,,1
M2,230,1,,1
M2,231,1,1,1
M2,232,1,,0
M2,233,0,,0
M2,234,1,,1
M2,235,0,,0
M2,236,1,,1
M2,237,0,,0
M2,238,1,,1
M2,239,1,,1
M2,240,1,,1
M2,241,0,,0
M2,242,0,,0
M2,243,0,,0
M2,244,0,,0
M2,245,0,,0
M2,246,0,,1
M2,247,1,,1
M2,248,0,,0
M2,249,0,0,0
M2,250,1,,1
M2,251,1,,1
M2,252,1,,1
M2,253,1,,1
M2,254,0,,0
M2,255,0,,0
M2,256,0,0,0
M2,257,1,1,1
M2,258,0,,0
M2,259,0,,0
M2,260,1,,1
M2,261,1,1,1
M2,262,1,,1
M2,263,0,,0
M2,264,1,,1
M2,265,1,0,0
M2,266,1,,1
M2,267,1,,1
M2,268,1,,1
M2,269,0,,0
M2,270,1,1,1
M2,271,1,,1
M2,272,0,,0
M2,273,0,,0
M2,274,1,,1
M2,275,0,,0
M2,276,1,,1
M2,277,1,,1
M2,278,0,,0
M2,279,1,,1
M2,280,0,0,0
M2,281,1,1,1
M2,282,1,,1
M2,283,1,,1
M2,284,1,,1
M2,285,1,,1
M2,286,1,,1
M2,287,1,,1
M2,288,0,0,0
M2,289,0,0,0
M2,290,0,0,0
M2,291,1,,1
M2,292,1,,1
M2,293,0,,0
M2,294,1,,1
M2,295,1,1,1
M2,296,1,,1
M2,297,1,1,1
M2,298,0,,0
M2,299,1,1,1
M2,300,1,,1
M2,301,1,,1
M2,302,0,,0
M2,303,0,,1
M2,304,1,1,1
M2,305,1,,1
M2,306,1,,1
M2,307,0,0,0
M2,308,0,,0
M2,309,1,1,1
M2,310,1,,1
M2,311,1,,1
M2,312,1,,1
M2,313,1,,1
M2,314,1,1,1
M2,315,1,,1
M2,316,1,1,1
M2,317,0,0,0
M2,318,1,,1
M2,319,1,,0
M2,320,0,,1
M2,321,1,,1
M2,322,0,,0
M2,323,1,1,1
M2,324,0,,0
M2,325,1,1,1
M2,326,1,,1
M2,327,1,1,1
M2,328,0,,0
M2,329,0,0,0
M2,330,0,0,0
M2,331,1,1,1
M2,332,0,,0
M2,333,0,,0
M2,334,1,1,1
M2,335,0,,0
M2,336,1,,1
M2,337,0,,0
M2,338,0,0,0
M2,339,1,,1
M2,340,0,,0
M2,341,0,,0
M2,342,0,,0
M2,343,0,,0
M2,344,1,0,0
M2,345,0,0,0
M2,346,0,0,0
M2,347,1,1,1
M2,348,1,,1
M2,349,1,,1
M2,350,0,,0
M2,351,0,0,0
M2,352,1,1,1
M2,353,1,,1
M2,354,1,1,1
M2,355,0,,0
M2,356,1,,1
M2,357,1,1,1
M2,358,1,1,1
M2,359,1,1,1
M2,360,1,,1
M2,361,1,1,1
M2,362,1,,1
M2,363,1,,1
M2,364,1,,1
M2,365,0,,0
M2,366,0,,0
M2,367,0,,0
M2,368,1,1,1
M2,369,1,,1
M2,370,0,,0
M2,371,1,,1
M2,372,1,,1
M2,373,1,,1
M2,374,1,,1
M2,375,0,0,0
M2,376,0,,0
M2,377,0,,0
M2,378,1,,1
M2,379,1,,1
M2,380,0,,0
M2,381,1,,0
M2,382,1,,1
M2,383,1,1,1
M2,384,1,,1
M2,385,0,,0
M2,386,0,,0
M2,387,0,0,0
M2,388,0,,0
M2,389,1,,1
M2,390,1,1,1
M2,391,1,,1
M2,392,0,,0
M2,393,0,,0
M2,394,1,,1
M2,395,0,,1
M2,396,1,,1
M2,397,1,1,1
M2,398,0,,0
M2,399,1,,1
M3,0,1,,1
M3,1,0,,0
M3,2,1,,1
M3,3,1,,1
M3,4,0,,0
M3,5,1,,1
M3,6,0,,0
M3,7,0,,0
M3,8,0,,0
M3,9,1,1,1
M3,10,1,1,1
M3,11,0,,1
M3,12,0,,0
M3,13,1,,1
M3,14,0,,0
M3,15,1,,1
M3,16,0,,0
M3,17,1,,1
M3,18,0,,0
M3,19,1,,1
M3,20,1,,1
M3,21,1,,1
M3,22,1,,1
M3,23,1,,1
M3,24,0,,0
M3,25,1,,1
M3,26,1,,1
M3,27,1,1,1
M3,28,1,,1
M3,29,1,,1
M3,30,0,0,0
M3,31,1,,1
M3,32,1,,0
M3,33,0,,0
M3,34,1,,1
M3,35,0,,0
M3,36,1,,1
M3,37,1,1,1
M3,38,1,1,1
M3,39,0,,0
M3,40,1,,1
M3,41,1,,1
M3,42,0,0,0
M3,43,0,,0
M3,44,1,,1
M3,45,0,,0
M3,46,1,,1
M3,47,1,,1
M3,48,1,1,1
M3,49,1,,1
M3,50,1,,1
M3,51,1,,1
M3,52,1,1,1
M3,53,1,,1
M3,54,0,0,0
M3,55,1,,1
M3,56,1,,1
M3,57,1,,1
M3,58,0,,0
M3,59,1,,1
M3,60,0,,0
M3,61,0,,0
M3,62,1,1,1
M3,63,0,,0
M3,64,0,,0
M3,65,0,,0
M3,66,0,0,0
M3,67,0,,0
M3,68,0,,0
M3,69,1,1,1
M3,70,0,,0
M3,71,0,0,0
M3,72,0,0,0
M3,73,0,,0
M3,74,0,,0
M3,75,1,,1
M3,76,1,,1
M3,77,1,,1
M3,78,1,1,1
M3,79,1,1,1
M3,80,1,,1
M3,81,0,,0
M3,82,0,,0
M3,83,0,,0
M3,84,0,,0
M3,85,0,0,0
M3,86,1,1,1
M3,87,1,1,1
M3,88,0,,0
M3,89,0,,0
M3,90,0,,0
M3,91,1,,1
M3,92,0,,0
M3,93,0,0,0
M3,94,0,0,0
M3,95,1,,1
M3,96,1,1,1
M3,97,1,,1
M3,98,0,,0
M3,99,1,,1
M3,100,0,,0
M3,101,1,,1
M3,102,1,,1
M3,103,1,,1
M3,104,0,,1
M3,105,1,,1
M3,106,1,,1
M3,107,1,0,0
M3,108,1,,1
M3,109,0,,0
M3,110,1,,1
M3,111,1,1,1
M3,112,0,,0
M3,113,1,,0
M3,114,0,,0
M3,115,1,,1
M3,116,1,,1
M3,117,0,,0
M3,118,1,,1
M3,119,0,,0
M3,120,1,,1
M3,121,0,,0
M3,122,0,0,0
M3,123,1,,1
M3,124,0,0,0
M3,125,1,,1
M3,126,0,,0
M3,127,1,1,1
M3,128,1,,1
M3,129,0,0,0
M3,130,1,,1
M3,131,0,,0
M3,132,1,,1
M3,133,1,1,1
M3,134,1,1,1
M3,135,1,,1
M3,136,0,,0
M3,137,0,,0
M3,138,1,,1
M3,139,0,,0
M3,140,1,,1
M3,141,0,0,0
M3,142,0,,0
M3,143,1,,1
M3,144,0,,0
M3,145,0,0,0
M3,146,1,,1
M3,147,0,0,0
M3,148,1,,1
M3,149,1,1,1
M3,150,1,,1
M3,151,0,,0
M3,152,0,0,0
M3,153,0,,0
M3,154,0,,0
M3,155,1,1,1
M3,156,1,1,1
M3,157,0,,0
M3,158,1,,1
M3,159,0,,0
M3,160,1,1,1
M3,161,1,,1
M3,162,0,,1
M3,163,1,,1
M3,164,1,1,1
M3,165,0,,0
M3,166,1,,1
M3,167,1,1,1
M3,168,0,,0
M3,169,1,,1
M3,170,1,1,1
M3,171,1,1,1
M3,172,0,,0
M3,173,1,0,0
M3,174,0,,0
M3,175,0,,0
M3,176,0,,0
M3,177,0,,0
M3,178,0,0,0
M3,179,1,,1
M3,180,0,0,0
M3,181,1,,1
M3,182,1,,1
M3,183,1,,1
M3,184,0,,0
M3,185,1,1,1
M3,186,0,,0
M3,187,1,,1
M3,188,0,,0
M3,189,0,0,0
M3,190,1,,1
M3,191,1,1,1
M3,192,1,,1
M3,193,1,1,1
M3,194,1,1,1
M3,195,1,,1
M3,196,0,,0
M3,197,0,,0
M3,198,0,0,0
M3,199,1,,0
M3,200,1,0,0
M3,201,0,,0
M3,202,1,,1
M3,203,1,,1
M3,204,0,0,0
M3,205,1,,1
M3,206,0,,0
M3,207,0,0,0
M3,208,1,,1
M3,209,1,,1
M3,210,0,0,0
M3,211,0,0,0
M3,212,0,1,1
M3,213,1,,1
M3,214,1,,1
M3,215,1,,1
M3,216,1,,1
M3,217,0,,0
M3,218,0,,0
M3,219,1,,1
M3,220,1,1,1
M3,221,1,,1
M3,222,1,,1
M3,223,1,,1
M3,224,0,,0
M3,225,0,0,0
M3,226,1,,1
M3,227,0,,0
M3,228,0,1,1
M3,229,0,,0
M3,230,0,,0
M3,231,1,1,1
M3,232,0,,0
M3,233,0,,0
M3,234,0,,0
M3,235,1,,1
M3,236,0,,0
M3,237,1,,0
M3,238,0,,0
M3,239,0,,0
M3,240,1,,1
M3,241,0,0,0
M3,242,0,,0
M3,243,0,,0
M3,244,0,,0
M3,245,1,1,1
M3,246,1,,1
M3,247,1,,1
M3,248,1,,1
M3,249,0,,0
M3,250,1,,1
M3,251,1,,1
M3,252,1,,1
M3,253,1,1,1
M3,254,1,,1
M3,255,0,0,0
M3,256,1,,1
M3,257,1,1,1
M3,258,0,,0
M3,259,1,,1
M3,260,0,,0
M3,261,0,0,0
M3,262,1,,1
M3,263,0,,0
M3,264,1,1,1
M3,265,0,0,0
M3,266,1,,1
M3,267,1,,1
M3,268,0,,0
M3,269,0,,0
M3,270,0,,0
M3,271,1,,1
M3,272,1,,1
M3,273,1,,1
M3,274,1,,1
M3,275,0,0,0
M3,276,1,,0
M3,277,0,,0
M3,278,0,,0
M3,279,1,1,1
M3,280,0,,0
M3,281,1,1,1
M3,282,1,1,1
M3,283,0,,0
M3,284,0,,0
M3,285,0,,1
M3,286,0,,0
M3,287,1,,1
M3,288,1,,1
M3,289,0,,0
M3,290,1,,1
M3,291,1,,1
M3,292,0,,0
M3,293,1,,1
M3,294,1,,1
M3,295,1,,1
M3,296,1,,1
M3,297,1,,1
M3,298,1,,1
M3,299,1,,1
M3,300,1,,1
M3,301,1,1,1
M3,302,1,,1
M3,303,1,,1
M3,304,1,1,1
M3,305,0,,0
M3,306,0,,0
M3,307,1,,1
M3,308,1,1,1
M3,309,0,,0
M3,310,0,,0
M3,311,1,1,1
M3,312,0,,0
M3,313,1,1,1
M3,314,0,,0
M3,315,1,,1
M3,316,0,,0
M3,317,0,0,0
M3,318,0,0,0
M3,319,1,,1
M3,320,0,,0
M3,321,1,,1
M3,322,1,1,1
M3,323,0,,0
M3,324,1,1,1
M3,325,1,,1
M3,326,0,,0
M3,327,1,,1
M3,328,0,,1
M3,329,1,,1
M3,330,1,,1
M3,331,1,,1
M3,332,0,,0
M3,333,1,1,1
M3,334,0,,0
M3,335,1,,1
M3,336,1,,1
M3,337,0,0,0
M3,338,1,,1
M3,339,1,,1
M3,340,1,,1
M3,341,0,,0
M3,342,1,,1
M3,343,1,,1
M3,344,0,,0
M3,345,1,,1
M3,346,1,,1
M3,347,0,,0
M3,348,1,,1
M3,349,1,,1
M3,350,0,,0
M3,351,1,,1
M3,352,1,,1
M3,353,1,1,1
M3,354,1,,1
M3,355,0,0,0
M3,356,1,,1
M3,357,1,,1
M3,358,1,,1
M3,359,1,,1
M3,360,1,,1
M3,361,1,,1
M3,362,1,1,1
M3,363,1,,1
M3,364,1,1,1
M3,365,0,,0
M3,366,1,1,1
M3,367,1,1,1
M3,368,0,,0
M3,369,0,,0
M3,370,0,,0
M3,371,0,,0
M3,372,0,,0
M3,373,1,,1
M3,374,1,,1
M3,375,1,1,1
M3,376,0,,0
M3,377,0,,0
M3,378,1,,1
M3,379,1,,1
M3,380,1,1,1
M3,381,0,,0
M3,382,1,1,1
M3,383,0,,0
M3,384,1,1,1
M3,385,0,,0
M3,386,0,0,0
M3,387,0,,0
M3,388,0,,0
M3,389,1,,1
M3,390,1,1,1
M3,391,0,,0
M3,392,1,1,1
M3,393,0,,0
M3,394,1,,1
M3,395,1,1,1
M3,396,1,,1
M3,397,1,,1
M3,398,0,0,0
M3,399,0,,0
M4,0,0,,0
M4,1,0,,0
M4,2,0,,0
M4,3,1,,1
M4,4,0,,0
M4,5,1,,1
M4,6,1,,1
M4,7,1,,0
M4,8,0,,0
M4,9,1,,1
M4,10,1,1,1
M4,11,1,,1
M4,12,0,,0
M4,13,0,,0
M4,14,1,,1
M4,15,1,,0
M4,16,1,,1
M4,17,0,,0
M4,18,0,,0
M4,19,0,0,0
M4,20,0,0,0
M4,21,1,,1
M4,22,0,,0
M4,23,0,,0
M4,24,1,0,0
M4,25,0,,0
M4,26,0,,1
M4,27,1,,1
M4,28,0,,0
M4,29,0,,0
M4,30,1,,1
M4,31,0,,0
M4,32,0,,0
M4,33,0,,0
M4,34,0,0,0
M4,35,1,,1
M4,36,0,,0
M4,37,1,1,1
M4,38,0,,0
M4,39,1,,1
M4,40,1,,1
M4,41,1,,1
M4,42,1,,0
M4,43,0,0,0
M4,44,0,0,0
M4,45,1,,1
M4,46,0,,0
M4,47,1,,1
M4,48,1,1,1
M4,49,1,,1
M4,50,1,,1
M4,51,1,1,1
M4,52,1,1,1
M4,53,1,1,1
M4,54,0,0,0
M4,55,1,,1
M4,56,1,,1
M4,57,0,0,0
M4,58,1,,1
M4,59,1,1,1
M4,60,1,,1
M4,61,1,,1
M4,62,0,,0
M4,63,1,,1
M4,64,0,,0
M4,65,0,,0
M4,66,0,,0
M4,67,0,,0
M4,68,0,,0
M4,69,0,,0
M4,70,1,,0
M4,71,0,,0
M4,72,0,,0
M4,73,1,1,1
M4,74,1,,1
M4,75,1,1,1
M4,76,0,,0
M4,77,1,,1
M4,78,0,0,0
M4,79,1,1,1
M4,80,1,,1
M4,81,1,,1
M4,82,1,,0
M4,83,0,,0
M4,84,0,,0
M4,85,0,,0
M4,86,1,,1
M4,87,1,,1
M4,88,0,,0
M4,89,1,1,1
M4,90,0,0,0
M4,91,0,,0
M4,92,0,,0
M4,93,1,,1
M4,94,1,,1
M4,95,0,0,0
M4,96,0,,0
M4,97,1,1,1
M4,98,0,,0
M4,99,0,,0
M4,100,1,,1
M4,101,0,,0
M4,102,1,,1
M4,103,0,0,0
M4,104,0,0,0
M4,105,0,,0
M4,106,1,,1
M4,107,1,,1
M4,108,1,1,1
M4,109,0,0,0
M4,110,1,,1
M4,111,1,,1
M4,112,1,,1
M4,113,1,,1
M4,114,0,0,0
M4,115,0,,0
M4,116,0,0,0
M4,117,1,,1
M4,118,0,,0
M4,119,0,0,0
M4,120,1,,1
M4,121,1,,1
M4,122,1,,1
M4,123,0,,0
M4,124,1,,0
M4,125,1,,1
M4,126,1,,1
M4,127,1,1,1
M4,128,0,,0
M4,129,1,,1
M4,130,1,,1
M4,131,0,,0
M4,132,0,,0
M4,133,0,,0
M4,134,1,,1
M4,135,1,,1
M4,136,1,,0
M4,137,1,,0
M4,138,1,,1
M4,139,1,,0
M4,140,1,,1
M4,141,0,0,0
M4,142,1,,1
M4,143,1,0,0
M4,144,0,,0
M4,145,0,,1
M4,146,1,,1
M4,147,1,1,1
M4,148,0,,0
M4,149,1,,0
M4,150,0,,0
M4,151,0,,0
M4,152,1,,1
M4,153,1,0,0
M4,154,0,,0
M4,155,1,,1
M4,156,1,,1
M4,157,1,,1
M4,158,1,1,1
M4,159,1,,1
M4,160,1,1,1
M4,161,1,,1
M4,162,1,,1
M4,163,0,,0
M4,164,0,,1
M4,165,1,,0
M4,166,0,,0
M4,167,1,,1
M4,168,0,,0
M4,169,0,,0
M4,170,0,0,0
M4,171,0,,0
M4,172,0,,0
M4,173,1,,1
M4,174,1,,1
M4,175,1,,1
M4,176,1,,1
M4,177,1,,1
M4,178,0,0,0
M4,179,0,,0
M4,180,0,,0
M4,181,0,,0
M4,182,0,,0
M4,183,0,,0
M4,184,1,1,1
M4,185,1,,1
M4,186,0,,0
M4,187,1,,1
M4,188,0,,0
M4,189,0,,0
M4,190,0,,0
M4,191,0,,0
M4,192,0,,0
M4,193,0,,1
M4,194,0,,0
M4,195,1,,0
M4,196,1,,1
M4,197,0,0,0
M4,198,0,,0
M4,199,0,,1
M4,200,0,,0
M4,201,1,1,1
M4,202,1,,1
M4,203,0,,0
M4,204,1,,1
M4,205,1,,1
M4,206,0,0,0
M4,207,1,,0
M4,208,0,,0
M4,209,1,1,1
M4,210,1,,1
M4,211,0,0,0
M4,212,0,,0
M4,213,0,,0
M4,214,1,0,0
M4,215,0,,0
M4,216,0,,0
M4,217,1,,1
M4,218,0,0,0
M4,219,1,1,1
M4,220,1,,0
M4,221,0,,0
M4,222,0,0,0
M4,223,0,,1
M4,224,0,,0
M4,225,0,,0
M4,226,0,0,0
M4,227,0,,0
M4,228,0,,0
M4,229,1,,1
M4,230,1,0,0
M4,231,1,,1
M4,232,1,,1
M4,233,1,,1
M4,234,1,,1
M4,235,1,1,1
M4,236,1,,1
M4,237,1,,1
M4,238,1,,1
M4,239,1,1,1
M4,240,1,1,1
M4,241,1,,1
M4,242,1,,1
M4,243,0,,0
M4,244,0,0,0
M4,245,1,,1
M4,246,1,1,1
M4,247,0,,0
M4,248,0,,0
M4,249,0,,0
M4,250,1,,1
M4,251,0,,0
M4,252,0,1,1
M4,253,1,,1
M4,254,0,,0
M4,255,1,,0
M4,256,0,0,0
M4,257,1,,1
M4,258,0,,0
M4,259,0,,0
M4,260,1,,1
M4,261,0,,1
M4,262,1,,0
M4,263,1,,0
M4,264,0,,0
M4,265,1,,1
M4,266,0,,0
M4,267,1,,1
M4,268,1,1,1
M4,269,0,0,0
M4,270,1,,1
M4,271,1,,1
M4,272,1,1,1
M4,273,0,0,0
M4,274,1,,1
M4,275,1,,1
M4,276,1,,1
M4,277,1,,1
M4,278,1,,1
M4,279,0,,0
M4,280,1,1,1
M4,281,0,0,0
M4,282,0,0,0
M4,283,0,,0
M4,284,1,,1
M4,285,0,,0
M4,286,0,0,0
M4,287,1,,1
M4,288,1,,1
M4,289,1,1,1
M4,290,0,0,0
M4,291,1,1,1
M4,292,0,,0
M4,293,0,0,0
M4,294,1,,1
M4,295,0,,0
M4,296,0,0,0
M4,297,1,,1
M4,298,0,,0
M4,299,0,0,0
M4,300,1,,1
M4,301,1,,1
M4,302,0,0,0
M4,303,1,,1
M4,304,0,,1
M4,305,1,,1
M4,306,0,,0
M4,307,1,,1
M4,308,0,0,0
M4,309,0,,0
M4,310,1,,1
M4,311,0,1,1
M4,312,0,,0
M4,313,1,0,0
M4,314,1,,1
M4,315,0,,0
M4,316,1,1,1
M4,317,0,0,0
M4,318,1,,1
M4,319,0,1,1
M4,320,0,,0
M4,321,1,,1
M4,322,1,,0
M4,323,0,,0
M4,324,1,1,1
M4,325,1,,1
M4,326,1,,1
M4,327,1,1,1
M4,328,1,,1
M4,329,0,,0
M4,330,0,,1
M4,331,1,,1
M4,332,1,,0
M4,333,0,,0
M4,334,1,,1
M4,335,0,,0
M4,336,0,,0
M4,337,0,,0
M4,338,0,,0
M4,339,1,,1
M4,340,0,,0
M4,341,1,,1
M4,342,1,1,1
M4,343,0,,0
M4,344,1,,1
M4,345,1,,1
M4,346,1,,1
M4,347,0,,0
M4,348,0,,0
M4,349,0,,0
M4,350,0,,0
M4,351,1,,1
M4,352,0,,0
M4,353,0,0,0
M4,354,0,,0
M4,355,0,,0
M4,356,0,,0
M4,357,1,1,1
M4,358,1,,0
M4,359,1,,1
M4,360,0,,0
M4,361,1,1,1
M4,362,1,,0
M4,363,1,1,1
M4,364,1,1,1
M4,365,1,,1
M4,366,1,,1
M4,367,0,,0
M4,368,0,0,0
M4,369,0,,0
M4,370,0,0,0
M4,371,0,0,0
M4,372,0,,0
M4,373,1,1,1
M4,374,0,0,0
M4,375,0,0,0
M4,376,1,,0
M4,377,1,1,1
M4,378,0,,0
M4,379,1,,1
M4,380,0,,0
M4,381,0,,0
M4,382,0,,0
M4,383,1,,1
M4,384,1,1,1
M4,385,1,,1
M4,386,0,,0
M4,387,1,,1
M4,388,0,0,0
M4,389,1,,1
M4,390,1,,1
M4,391,1,,1
M4,392,0,,0
M4,393,1,,1
M4,394,1,,1
M4,395,1,1,1
M4,396,0,,0
M4,397,0,0,0
M4,398,0,1,1
M4,399,0,0,0
M5,0,1,,0
M5,1,0,0,0
M5,2,1,,1
M5,3,0,,0
M5,4,0,,0
M5,5,0,,0
M5,6,1,1,1
M5,7,0,,1
M5,8,1,,0
M5,9,0,0,0
M5,10,0,,0
M5,11,0,,0
M5,12,0,0,0
M5,13,1,,1
M5,14,0,,0
M5,15,0,0,0
M5,16,0,0,0
M5,17,0,,1
M5,18,0,,0
M5,19,1,,1
M5,20,1,,1
M5,21,0,,0
M5,22,1,,1
M5,23,0,0,0
M5,24,0,0,0
M5,25,0,0,0
M5,26,1,1,1
M5,27,0,,0
M5,28,1,,1
M5,29,1,1,1
M5,30,0,,0
M5,31,0,,0
M5,32,1,,1
M5,33,0,0,0
M5,34,0,0,0
M5,35,1,,1
M5,36,0,,0
M5,37,1,1,1
M5,38,1,,1
M5,39,1,,1
M5,40,1,,1
M5,41,0,0,0
M5,42,1,,1
M5,43,1,,1
M5,44,1,,1
M5,45,1,,1
M5,46,0,,1
M5,47,0,,0
M5,48,0,,0
M5,49,1,1,1
M5,50,0,,0
M5,51,1,,1
M5,52,0,,0
M5,53,1,,0
M5,54,0,,0
M5,55,0,,0
M5,56,0,,0
M5,57,0,,0
M5,58,0,,0
M5,59,1,,1
M5,60,0,,0
M5,61,1,,1
M5,62,0,,0
M5,63,1,,1
M5,64,1,,1
M5,65,0,,0
M5,66,1,1,1
M5,67,1,,1
M5,68,0,,0
M5,69,0,,0
M5,70,0,,0
M5,71,1,,1
M5,72,1,,0
M5,73,0,,0
M5,74,1,,1
M5,75,1,,0
M5,76,0,,0
M5,77,1,,1
M5,78,0,0,0
M5,79,0,,0
M5,80,1,,1
M5,81,0,,0
M5,82,1,,1
M5,83,1,1,1
M5,84,1,,1
M5,85,1,0,0
M5,86,1,1,1
M5,87,0,0,0
M5,88,0,,0
M5,89,1,1,1
M5,90,1,,1
M5,91,1,,1
M5,92,0,,0
M5,93,1,,1
M5,94,0,,0
M5,95,1,,1
M5,96,0,,0
M5,97,0,0,0
M5,98,1,,1
M5,99,1,,1
M5,100,1,1,1
M5,101,1,,1
M5,102,1,,1
M5,103,1,,1
M5,104,1,,1
M5,105,1,,1
M5,106,0,,0
M5,107,1,1,1
M5,108,1,,1
M5,109,1,,1
M5,110,1,,1
M5,111,0,,0
M5,112,0,,0
M5,113,0,0,0
M5,114,1,1,1
M5,115,1,,1
M5,116,1,1,1
M5,117,1,,1
M5,118,1,,1
M5,119,1,,1
M5,120,0,,0
M5,121,1,,1
M5,122,1,,1
M5,123,1,,1
M5,124,0,,0
M5,125,1,,1
M5,126,1,,1
M5,127,0,0,0
M5,128,0,,0
M5,129,1,1,1
M5,130,1,1,1
M5,131,1,,1
M5,132,1,,1
M5,133,1,,1
M5,134,1,,1
M5,135,0,0,0
M5,136,1,,1
M5,137,1,,1
M5,138,1,,1
M5,139,1,,1
M5,140,1,1,1
M5,141,0,,0
M5,142,0,,0
M5,143,1,,1
M5,144,0,0,0
M5,145,0,0,0
M5,146,1,,1
M5,147,0,0,0
M5,148,1,,1
M5,149,0,,0
M5,150,1,1,1
M5,151,1,1,1
M5,152,0,,0
M5,153,0,,0
M5,154,1,,1
M5,155,1,,1
M5,156,1,,1
M5,157,0,0,0
M5,158,0,0,0
M5,159,0,,0
M5,160,0,,0
M5,161,1,,1
M5,162,0,,0
M5,163,1,1,1
M5,164,0,0,0
M5,165,0,,0
M5,166,0,0,0
M5,167,0,,0
M5,168,1,,1
M5,169,0,,0
M5,170,0,0,0
M5,171,0,,0
M5,172,0,,0
M5,173,1,,1
M5,174,0,,0
M5,175,0,,0
M5,176,0,,0
M5,177,1,,1
M5,178,0,,0
M5,179,1,,1
M5,180,1,,0
M5,181,0,,0
M5,182,1,,1
M5,183,1,,1
M5,184,0,0,0
M5,185,0,,0
M5,186,1,,1
M5,187,1,,1
M5,188,0,0,0
M5,189,0,,0
M5,190,1,,1
M5,191,1,1,1
M5,192,1,,1
M5,193,1,,1
M5,194,1,,0
M5,195,1,,1
M5,196,1,,0
M5,197,0,,0
M5,198,0,,0
M5,199,0,,0
M5,200,0,,0
M5,201,1,,1
M5,202,0,,0
M5,203,0,,0
M5,204,1,,1
M5,205,1,,1
M5,206,0,,0
M5,207,0,,0
M5,208,0,,0
M5,209,1,,1
M5,210,0,,0
M5,211,1,,1
M5,212,1,1,1
M5,213,0,0,0
M5,214,0,,0
M5,215,1,,1
M5,216,1,,1
M5,217,0,0,0
M5,218,1,,1
M5,219,0,,0
M5,220,0,,0
M5,221,0,0,0
M5,222,0,,0
M5,223,0,,0
M5,224,0,0,0
M5,225,1,0,0
M5,226,1,1,1
M5,227,1,,1
M5,228,0,,0
M5,229,1,,1
M5,230,0,,0
M5,231,1,1,1
M5,232,0,,0
M5,233,0,,0
M5,234,0,0,0
M5,235,0,0,0
M5,236,0,0,0
M5,237,0,,0
M5,238,0,,0
M5,239,1,,1
M5,240,0,,0
M5,241,1,,1
M5,242,0,,0
M5,243,1,1,1
M5,244,1,,1
M5,245,1,,1
M5,246,1,1,1
M5,247,0,,0
M5,248,1,1,1
M5,249,0,0,0
M5,250,0,0,0
M5,251,0,0,0
M5,252,0,,0
M5,253,1,,1
M5,254,0,,0
M5,255,0,,0
M5,256,1,,1
M5,257,0,0,0
M5,258,0,,0
M5,259,0,0,0
M5,260,0,0,0
M5,261,0,,0
M5,262,1,,1
M5,263,0,0,0
M5,264,0,,0
M5,265,1,,1
M5,266,1,,1
M5,267,0,0,0
M5,268,0,,0
M5,269,0,0,0
M5,270,1,,1
M5,271,1,,1
M5,272,0,0,0
M5,273,1,,1
M5,274,1,,1
M5,275,0,,0
M5,276,1,,1
M5,277,0,0,0
M5,278,0,,0
M5,279,1,,1
M5,280,1,,1
M5,281,0,,0
M5,282,0,,0
M5,283,1,,1
M5,284,0,,0
M5,285,1,,1
M5,286,0,,0
M5,287,0,,0
M5,288,1,,1
M5,289,0,0,0
M5,290,0,0,0
M5,291,0,,0
M5,292,0,0,0
M5,293,0,,0
M5,294,1,,0
M5,295,1,1,1
M5,296,1,,1
M5,297,1,,1
M5,298,0,,0
M5,299,0,0,0
M5,300,0,0,0
M5,301,1,,1
M5,302,1,,0
M5,303,1,,1
M5,304,1,1,1
M5,305,0,,0
M5,306,0,,0
M5,307,1,1,1
M5,308,1,,1
M5,309,0,,0
M5,310,0,0,0
M5,311,1,,1
M5,312,0,,0
M5,313,1,,1
M5,314,1,1,1
M5,315,0,,0
M5,316,0,,0
M5,317,0,,0
M5,318,0,,0
M5,319,0,,0
M5,320,1,1,1
M5,321,1,,1
M5,322,0,,0
M5,323,0,0,0
M5,324,1,,1
M5,325,0,,0
M5,326,0,,1
M5,327,0,,1
M5,328,1,,1
M5,329,0,,0
M5,330,0,,0
M5,331,0,,0
M5,332,0,,0
M5,333,1,,1
M5,334,1,,1
M5,335,0,,0
M5,336,0,,0
M5,337,1,,1
M5,338,1,,1
M5,339,0,,0
M5,340,0,,0
M5,341,1,,1
M5,342,0,,0
M5,343,0,,0
M5,344,1,,1
M5,345,1,,1
M5,346,0,,0
M5,347,0,,0
M5,348,0,,0
M5,349,1,1,1
M5,350,1,1,1
M5,351,0,,0
M5,352,1,0,0
M5,353,0,,0
M5,354,0,0,0
M5,355,1,,1
M5,356,1,,1
M5,357,1,1,1
M5,358,1,,1
M5,359,0,0,0
M5,360,0,,0
M5,361,1,,0
M5,362,1,,0
M5,363,1,,1
M5,364,0,,0
M5,365,0,,0
M5,366,1,,1
M5,367,1,,1
M5,368,1,,1
M5,369,0,,0
M5,370,0,,0
M5,371,1,1,1
M5,372,0,,0
M5,373,1,1,1
M5,374,0,0,0
M5,375,1,,1
M5,376,0,,0
M5,377,0,0,0
M5,378,1,,1
M5,379,0,0,0
M5,380,1,,0
M5,381,0,,1
M5,382,0,,0
M5,383,0,,0
M5,384,1,,1
M5,385,1,,0
M5,386,1,,1
M5,387,1,1,1
M5,388,0,0,0
M5,389,0,,0
M5,390,0,,0
M5,391,1,,0
M5,392,0,0,0
M5,393,0,,1
M5,394,1,,0
M5,395,0,0,0
M5,396,0,,0
M5,397,1,,1
M5,398,0,,0
M5,399,0,,0
